{
  "project_info": {
    "project_number": "1065970072777",
    "firebase_url": "https://projeto-tech-229ed.firebaseio.com",
    "project_id": "projeto-tech-229ed",
    "storage_bucket": "projeto-tech-229ed.appspot.com"
  },
  "client": [
    {
      "client_info": {
        "mobilesdk_app_id": "1:1065970072777:android:ac3e876b015edc0b",
        "android_client_info": {
          "package_name": "com.example.aluno.projetotech"
        }
      },
      "oauth_client": [
        {
          "client_id": "1065970072777-and0ipa8qusdbtn8cq7cafjk7cl30fa6.apps.googleusercontent.com",
          "client_type": 1,
          "android_info": {
            "package_name": "com.example.aluno.projetotech",
            "certificate_hash": "907b0c14c137737cee17889958c2d7a71ab77074"
          }
        },
        {
          "client_id": "1065970072777-c1j9m6hhkj55g78vk13gnsfcveqphjn0.apps.googleusercontent.com",
          "client_type": 3
        }
      ],
      "api_key": [
        {
          "current_key": "AIzaSyD1mv8qfgxX17n2p4jlZUbx-IrotZhNeNs"
        }
      ],
      "services": {
        "analytics_service": {
          "status": 1
        },
        "appinvite_service": {
          "status": 2,
          "other_platform_oauth_client": [
            {
              "client_id": "1065970072777-c1j9m6hhkj55g78vk13gnsfcveqphjn0.apps.googleusercontent.com",
              "client_type": 3
            }
          ]
        },
        "ads_service": {
          "status": 2
        }
      }
    }
  ],
  "configuration_version": "1"
}